epoch,time,train/box_loss,train/cls_loss,train/dfl_loss,metrics/precision(B),metrics/recall(B),metrics/mAP50(B),metrics/mAP50-95(B),val/box_loss,val/cls_loss,val/dfl_loss,lr/pg0,lr/pg1,lr/pg2,lr/pg3,lr/pg4,lr/pg5,lr/pg6,lr/pg7
1,129.327,1.70475,3.15898,0.00523,1,0.75269,0.87623,0.75288,1.43176,1.54749,0.0082,0.00996667,0.00332222,0.00996667,0.00332222,0.00996667,0.00332222,0.00996667,0.00332222
2,230.379,1.5767,2.02153,0.00471,1,0.89356,0.94665,0.79418,1.3954,1.30008,0.00795,0.0199008,0.00663359,0.0199008,0.00663359,0.0199008,0.00663359,0.0199008,0.00663359
3,327.654,1.58236,1.58825,0.0047,0.83708,0.88485,0.85892,0.69764,1.47801,1.19693,0.00851,0.0297689,0.00992296,0.0297689,0.00992296,0.0297689,0.00992296,0.0297689,0.00992296
4,423.606,1.5703,1.3659,0.00463,1,0.90779,0.9537,0.79808,1.3991,1.11915,0.00799,0.029703,0.009901,0.029703,0.009901,0.029703,0.009901,0.029703,0.009901
5,518.873,1.52711,1.23905,0.00457,0.78473,0.69032,0.82309,0.6528,1.34717,1.0447,0.00785,0.029604,0.009868,0.029604,0.009868,0.029604,0.009868,0.029604,0.009868
6,614.014,1.50912,1.17415,0.00445,0.80959,0.72883,0.85265,0.67329,1.32301,0.9844,0.00763,0.029505,0.009835,0.029505,0.009835,0.029505,0.009835,0.029505,0.009835
7,713.885,1.4798,1.11741,0.00435,0.83635,0.91396,0.89527,0.74184,1.3046,1.00626,0.00755,0.029406,0.009802,0.029406,0.009802,0.029406,0.009802,0.029406,0.009802
8,810.12,1.4605,1.08209,0.0043,0.83758,0.71448,0.89239,0.71019,1.27935,0.95159,0.00728,0.029307,0.009769,0.029307,0.009769,0.029307,0.009769,0.029307,0.009769
9,907.238,1.45093,1.04488,0.00421,0.8312,0.7676,0.89568,0.69577,1.28837,0.91571,0.00734,0.029208,0.009736,0.029208,0.009736,0.029208,0.009736,0.029208,0.009736
10,1004.17,1.41759,1.00937,0.00416,0.8559,0.74407,0.89075,0.70999,1.27015,0.84911,0.00729,0.029109,0.009703,0.029109,0.009703,0.029109,0.009703,0.029109,0.009703
11,1104.97,1.41127,0.98968,0.00411,0.83878,0.77032,0.9102,0.72924,1.22094,0.85927,0.00694,0.02901,0.00967,0.02901,0.00967,0.02901,0.00967,0.02901,0.00967
12,1201.88,1.40061,0.97203,0.00404,0.85496,0.77182,0.88986,0.71194,1.25113,0.82957,0.00713,0.028911,0.009637,0.028911,0.009637,0.028911,0.009637,0.028911,0.009637
13,1297.85,1.38231,0.95054,0.00397,0.85939,0.79372,0.91461,0.72267,1.23221,0.80756,0.00705,0.028812,0.009604,0.028812,0.009604,0.028812,0.009604,0.028812,0.009604
14,1400.67,1.38098,0.93727,0.00396,0.83804,0.79465,0.90346,0.72143,1.24335,0.81424,0.00704,0.028713,0.009571,0.028713,0.009571,0.028713,0.009571,0.028713,0.009571
15,1497.93,1.35958,0.91949,0.00391,0.84894,0.79071,0.91439,0.73303,1.23313,0.79601,0.0069,0.028614,0.009538,0.028614,0.009538,0.028614,0.009538,0.028614,0.009538
16,1593.58,1.35149,0.89821,0.00388,0.88339,0.79459,0.913,0.73462,1.22151,0.77543,0.00687,0.028515,0.009505,0.028515,0.009505,0.028515,0.009505,0.028515,0.009505
17,1691.01,1.33591,0.8787,0.00384,0.87764,0.80589,0.92655,0.74146,1.16151,0.75633,0.00646,0.028416,0.009472,0.028416,0.009472,0.028416,0.009472,0.028416,0.009472
18,1793.52,1.33582,0.87776,0.00382,0.86567,0.8,0.91525,0.74181,1.187,0.76247,0.00657,0.028317,0.009439,0.028317,0.009439,0.028317,0.009439,0.028317,0.009439
19,1892.29,1.32531,0.86641,0.00375,0.83753,0.78961,0.8863,0.68484,1.16678,0.71986,0.00646,0.028218,0.009406,0.028218,0.009406,0.028218,0.009406,0.028218,0.009406
20,1991.31,1.31103,0.84573,0.00375,0.83725,0.77066,0.88227,0.6831,1.15333,0.73164,0.00639,0.028119,0.009373,0.028119,0.009373,0.028119,0.009373,0.028119,0.009373
21,2089.64,1.30917,0.84044,0.00365,0.8824,0.8317,0.94686,0.76922,1.13673,0.71443,0.00637,0.02802,0.00934,0.02802,0.00934,0.02802,0.00934,0.02802,0.00934
22,2188.42,1.30279,0.83653,0.00374,0.8952,0.82347,0.93984,0.76637,1.13947,0.70914,0.00635,0.027921,0.009307,0.027921,0.009307,0.027921,0.009307,0.027921,0.009307
23,2289.24,1.28902,0.81733,0.00363,0.89514,0.83545,0.94362,0.76101,1.1151,0.70704,0.00616,0.027822,0.009274,0.027822,0.009274,0.027822,0.009274,0.027822,0.009274
24,2388.83,1.28189,0.81439,0.00364,0.88358,0.84667,0.94408,0.76524,1.1246,0.67387,0.00626,0.027723,0.009241,0.027723,0.009241,0.027723,0.009241,0.027723,0.009241
25,2486.88,1.27323,0.80661,0.0036,0.87251,0.79233,0.91459,0.71278,1.11824,0.67925,0.00621,0.027624,0.009208,0.027624,0.009208,0.027624,0.009208,0.027624,0.009208
26,2584.26,1.26961,0.7918,0.00357,0.87298,0.78308,0.91069,0.70727,1.10077,0.67087,0.00611,0.027525,0.009175,0.027525,0.009175,0.027525,0.009175,0.027525,0.009175
27,2686.29,1.26446,0.78178,0.00352,0.89203,0.86437,0.95118,0.7757,1.1067,0.67247,0.00618,0.027426,0.009142,0.027426,0.009142,0.027426,0.009142,0.027426,0.009142
28,2785,1.24769,0.77637,0.00355,0.8517,0.82987,0.91984,0.72278,1.10861,0.66702,0.0061,0.027327,0.009109,0.027327,0.009109,0.027327,0.009109,0.027327,0.009109
29,2883.55,1.24939,0.77542,0.00353,0.91782,0.84947,0.95776,0.78274,1.08871,0.65865,0.00603,0.027228,0.009076,0.027228,0.009076,0.027228,0.009076,0.027228,0.009076
30,2986.63,1.25076,0.7683,0.0035,0.90081,0.7901,0.92112,0.72507,1.07299,0.63817,0.00589,0.027129,0.009043,0.027129,0.009043,0.027129,0.009043,0.027129,0.009043
31,3083.83,1.23735,0.75758,0.00347,0.9061,0.86965,0.95958,0.78799,1.06599,0.6471,0.00587,0.02703,0.00901,0.02703,0.00901,0.02703,0.00901,0.02703,0.00901
32,3183.71,1.23419,0.7463,0.00345,0.87495,0.82224,0.9199,0.72502,1.07808,0.63629,0.00596,0.026931,0.008977,0.026931,0.008977,0.026931,0.008977,0.026931,0.008977
33,3283.26,1.22965,0.74979,0.00342,0.86246,0.83343,0.9227,0.72801,1.06593,0.61946,0.00587,0.026832,0.008944,0.026832,0.008944,0.026832,0.008944,0.026832,0.008944
34,3383.28,1.22372,0.74872,0.00342,0.87601,0.83506,0.92373,0.73026,1.06288,0.6336,0.00584,0.026733,0.008911,0.026733,0.008911,0.026733,0.008911,0.026733,0.008911
35,3480.92,1.22464,0.74375,0.00338,0.86083,0.83483,0.92442,0.73977,1.05184,0.62662,0.00577,0.026634,0.008878,0.026634,0.008878,0.026634,0.008878,0.026634,0.008878
36,3584.08,1.21418,0.73805,0.00339,0.91127,0.86256,0.95488,0.78787,1.06031,0.61657,0.00586,0.026535,0.008845,0.026535,0.008845,0.026535,0.008845,0.026535,0.008845
37,3682.97,1.21015,0.7335,0.00341,0.90074,0.88307,0.95544,0.78284,1.05943,0.63176,0.00571,0.026436,0.008812,0.026436,0.008812,0.026436,0.008812,0.026436,0.008812
38,3780.92,1.20991,0.73529,0.00335,0.86041,0.81134,0.9071,0.70626,1.03815,0.60293,0.0057,0.026337,0.008779,0.026337,0.008779,0.026337,0.008779,0.026337,0.008779
39,3878.45,1.2028,0.71904,0.00331,0.87681,0.82692,0.91804,0.71705,1.02056,0.5908,0.00558,0.026238,0.008746,0.026238,0.008746,0.026238,0.008746,0.026238,0.008746
40,3979.94,1.18857,0.71256,0.00329,0.89567,0.82487,0.92999,0.74625,1.0208,0.60384,0.0056,0.026139,0.008713,0.026139,0.008713,0.026139,0.008713,0.026139,0.008713
41,4079.85,1.19439,0.71969,0.00327,0.89405,0.82498,0.92844,0.74407,1.0133,0.58558,0.00552,0.02604,0.00868,0.02604,0.00868,0.02604,0.00868,0.02604,0.00868
42,4177.56,1.18806,0.70671,0.00325,0.90217,0.83969,0.93674,0.74689,1.0159,0.58215,0.00552,0.025941,0.008647,0.025941,0.008647,0.025941,0.008647,0.025941,0.008647
43,4279.19,1.183,0.70836,0.00329,0.87088,0.82806,0.92252,0.72141,1.00166,0.58373,0.00544,0.025842,0.008614,0.025842,0.008614,0.025842,0.008614,0.025842,0.008614
44,4379.14,1.17529,0.6984,0.00329,0.86917,0.84475,0.92519,0.72398,1.00708,0.57555,0.00543,0.025743,0.008581,0.025743,0.008581,0.025743,0.008581,0.025743,0.008581
45,4478.09,1.1789,0.69619,0.00325,0.87222,0.83958,0.92561,0.72404,0.99899,0.56607,0.00547,0.025644,0.008548,0.025644,0.008548,0.025644,0.008548,0.025644,0.008548
46,4577.56,1.17162,0.69409,0.00322,0.8631,0.84148,0.92388,0.72911,0.98969,0.5671,0.00542,0.025545,0.008515,0.025545,0.008515,0.025545,0.008515,0.025545,0.008515
47,4676.71,1.17306,0.68869,0.0032,0.86742,0.85634,0.93104,0.7263,0.98354,0.56225,0.00532,0.025446,0.008482,0.025446,0.008482,0.025446,0.008482,0.025446,0.008482
48,4775.55,1.17332,0.68692,0.00321,0.87504,0.82933,0.92567,0.72905,0.98566,0.54432,0.00532,0.025347,0.008449,0.025347,0.008449,0.025347,0.008449,0.025347,0.008449
49,4880.51,1.15917,0.68085,0.00316,0.88309,0.82246,0.92238,0.7309,0.97989,0.54516,0.00531,0.025248,0.008416,0.025248,0.008416,0.025248,0.008416,0.025248,0.008416
50,4976.63,1.15465,0.67187,0.00316,0.8912,0.81668,0.92699,0.73042,0.97737,0.55943,0.00527,0.025149,0.008383,0.025149,0.008383,0.025149,0.008383,0.025149,0.008383
51,5078.38,1.15949,0.67547,0.00314,0.87717,0.84926,0.9281,0.72934,0.96822,0.55031,0.00518,0.02505,0.00835,0.02505,0.00835,0.02505,0.00835,0.02505,0.00835
52,5176.76,1.15425,0.67198,0.00313,0.88475,0.87319,0.95689,0.78493,0.96989,0.54463,0.00522,0.024951,0.008317,0.024951,0.008317,0.024951,0.008317,0.024951,0.008317
53,5275.47,1.14509,0.6738,0.00315,0.86636,0.85991,0.93164,0.74325,0.95421,0.5426,0.00516,0.024852,0.008284,0.024852,0.008284,0.024852,0.008284,0.024852,0.008284
54,5373.64,1.14658,0.66414,0.00313,0.90216,0.83269,0.93184,0.7341,0.96004,0.54211,0.00525,0.024753,0.008251,0.024753,0.008251,0.024753,0.008251,0.024753,0.008251
55,5477.51,1.14976,0.66463,0.00308,0.92674,0.81992,0.94133,0.74745,0.95353,0.54282,0.00518,0.024654,0.008218,0.024654,0.008218,0.024654,0.008218,0.024654,0.008218
56,5576.05,1.14042,0.65379,0.00311,0.89569,0.84137,0.93549,0.74231,0.95365,0.52891,0.00517,0.024555,0.008185,0.024555,0.008185,0.024555,0.008185,0.024555,0.008185
57,5672.7,1.13689,0.65512,0.00309,0.90834,0.83334,0.93747,0.75357,0.94464,0.52975,0.00511,0.024456,0.008152,0.024456,0.008152,0.024456,0.008152,0.024456,0.008152
58,5773,1.13301,0.64289,0.00307,0.93468,0.81761,0.93474,0.74642,0.94854,0.52596,0.0051,0.024357,0.008119,0.024357,0.008119,0.024357,0.008119,0.024357,0.008119
59,5872.13,1.13269,0.64679,0.00307,0.88005,0.85128,0.93296,0.74512,0.9364,0.52275,0.00504,0.024258,0.008086,0.024258,0.008086,0.024258,0.008086,0.024258,0.008086
60,5969.19,1.12726,0.64965,0.00303,0.90397,0.86105,0.94533,0.77927,0.92728,0.53361,0.00503,0.024159,0.008053,0.024159,0.008053,0.024159,0.008053,0.024159,0.008053
61,6066.03,1.12215,0.64188,0.00306,0.90778,0.84345,0.93689,0.74715,0.93374,0.5179,0.005,0.02406,0.00802,0.02406,0.00802,0.02406,0.00802,0.02406,0.00802
62,6166.07,1.12413,0.64285,0.00305,0.91104,0.83725,0.93779,0.74982,0.92269,0.51401,0.00498,0.023961,0.007987,0.023961,0.007987,0.023961,0.007987,0.023961,0.007987
63,6266.41,1.12119,0.63646,0.00303,0.92703,0.86124,0.94508,0.7583,0.92037,0.50876,0.00494,0.023862,0.007954,0.023862,0.007954,0.023862,0.007954,0.023862,0.007954
64,6366.26,1.13008,0.63744,0.00305,0.90336,0.85505,0.93673,0.75349,0.92109,0.50612,0.00498,0.023763,0.007921,0.023763,0.007921,0.023763,0.007921,0.023763,0.007921
65,6464.18,1.12625,0.63866,0.00303,0.90677,0.86285,0.94188,0.7554,0.91867,0.50964,0.00492,0.023664,0.007888,0.023664,0.007888,0.023664,0.007888,0.023664,0.007888
66,6559.96,1.11615,0.63289,0.003,0.91042,0.87167,0.94581,0.76393,0.90946,0.5001,0.00488,0.023565,0.007855,0.023565,0.007855,0.023565,0.007855,0.023565,0.007855
67,6656.92,1.1156,0.62558,0.00295,0.88756,0.86415,0.93684,0.75295,0.91172,0.5033,0.0049,0.023466,0.007822,0.023466,0.007822,0.023466,0.007822,0.023466,0.007822
68,6758.76,1.10675,0.62542,0.00298,0.90052,0.86686,0.94148,0.75537,0.91724,0.497,0.00494,0.023367,0.007789,0.023367,0.007789,0.023367,0.007789,0.023367,0.007789
69,6855.48,1.10914,0.62707,0.00297,0.88369,0.85836,0.93731,0.75529,0.90616,0.49994,0.00486,0.023268,0.007756,0.023268,0.007756,0.023268,0.007756,0.023268,0.007756
70,6952.63,1.11329,0.6338,0.00297,0.89477,0.85614,0.93839,0.75695,0.90502,0.49241,0.00486,0.023169,0.007723,0.023169,0.007723,0.023169,0.007723,0.023169,0.007723
71,7055.73,1.1119,0.62365,0.00297,0.89525,0.86224,0.93403,0.75154,0.90181,0.50062,0.00483,0.02307,0.00769,0.02307,0.00769,0.02307,0.00769,0.02307,0.00769
72,7152.65,1.0965,0.61894,0.00295,0.89606,0.87354,0.94033,0.76388,0.89992,0.49368,0.00484,0.022971,0.007657,0.022971,0.007657,0.022971,0.007657,0.022971,0.007657
73,7252.46,1.10522,0.63017,0.00299,0.88773,0.87168,0.93542,0.74949,0.89715,0.49552,0.00481,0.022872,0.007624,0.022872,0.007624,0.022872,0.007624,0.022872,0.007624
74,7349.69,1.10198,0.61741,0.00291,0.91618,0.84881,0.9356,0.75146,0.89555,0.48645,0.00481,0.022773,0.007591,0.022773,0.007591,0.022773,0.007591,0.022773,0.007591
75,7448.99,1.08905,0.61225,0.00292,0.91486,0.86138,0.94817,0.76698,0.89118,0.48788,0.00476,0.022674,0.007558,0.022674,0.007558,0.022674,0.007558,0.022674,0.007558
76,7547.46,1.09034,0.61149,0.0029,0.90374,0.86636,0.94051,0.75812,0.89691,0.48118,0.00479,0.022575,0.007525,0.022575,0.007525,0.022575,0.007525,0.022575,0.007525
77,7645.3,1.08889,0.60912,0.00291,0.90915,0.85249,0.94009,0.76574,0.88699,0.47637,0.00476,0.022476,0.007492,0.022476,0.007492,0.022476,0.007492,0.022476,0.007492
78,7743.96,1.08723,0.60506,0.00291,0.89804,0.86798,0.94246,0.76554,0.88737,0.47989,0.00475,0.022377,0.007459,0.022377,0.007459,0.022377,0.007459,0.022377,0.007459
79,7841.99,1.08945,0.60613,0.00292,0.89891,0.86427,0.93739,0.75708,0.88485,0.47569,0.00474,0.022278,0.007426,0.022278,0.007426,0.022278,0.007426,0.022278,0.007426
80,7940.41,1.08533,0.60978,0.0029,0.92305,0.84965,0.94399,0.76152,0.881,0.48303,0.00474,0.022179,0.007393,0.022179,0.007393,0.022179,0.007393,0.022179,0.007393
81,8038.31,1.08064,0.60038,0.0029,0.90819,0.87257,0.94108,0.76102,0.88205,0.47568,0.00475,0.02208,0.00736,0.02208,0.00736,0.02208,0.00736,0.02208,0.00736
82,8135.47,1.08138,0.60287,0.00287,0.93212,0.84714,0.9458,0.76885,0.88349,0.47594,0.00475,0.021981,0.007327,0.021981,0.007327,0.021981,0.007327,0.021981,0.007327
83,8232.46,1.07643,0.59839,0.00287,0.93319,0.84626,0.94381,0.76933,0.87367,0.47582,0.00467,0.021882,0.007294,0.021882,0.007294,0.021882,0.007294,0.021882,0.007294
84,8332.24,1.08712,0.60688,0.00286,0.9261,0.8543,0.94869,0.76657,0.8772,0.47586,0.00469,0.021783,0.007261,0.021783,0.007261,0.021783,0.007261,0.021783,0.007261
85,8428.99,1.07567,0.59383,0.00285,0.88665,0.88116,0.94071,0.76514,0.87735,0.47177,0.00466,0.021684,0.007228,0.021684,0.007228,0.021684,0.007228,0.021684,0.007228
86,8529.98,1.06653,0.59082,0.00282,0.90661,0.87223,0.94651,0.7681,0.8779,0.46535,0.00466,0.021585,0.007195,0.021585,0.007195,0.021585,0.007195,0.021585,0.007195
87,8627.62,1.06274,0.59218,0.00285,0.88967,0.88282,0.94207,0.76774,0.87603,0.46769,0.00468,0.021486,0.007162,0.021486,0.007162,0.021486,0.007162,0.021486,0.007162
88,8724.45,1.07511,0.59217,0.00286,0.88982,0.88185,0.9416,0.76839,0.87363,0.46311,0.00467,0.021387,0.007129,0.021387,0.007129,0.021387,0.007129,0.021387,0.007129
89,8821.86,1.0582,0.59055,0.00282,0.89964,0.86472,0.94037,0.76826,0.86704,0.45892,0.00463,0.021288,0.007096,0.021288,0.007096,0.021288,0.007096,0.021288,0.007096
90,8923.32,1.061,0.58521,0.00282,0.91927,0.85584,0.94396,0.77302,0.86223,0.4654,0.00459,0.021189,0.007063,0.021189,0.007063,0.021189,0.007063,0.021189,0.007063
91,9020.47,1.06583,0.58717,0.0028,0.91474,0.86792,0.94648,0.76567,0.85735,0.46754,0.00457,0.02109,0.00703,0.02109,0.00703,0.02109,0.00703,0.02109,0.00703
92,9118.62,1.05827,0.58662,0.00283,0.88904,0.883,0.94752,0.77214,0.85793,0.46272,0.00456,0.020991,0.006997,0.020991,0.006997,0.020991,0.006997,0.020991,0.006997
93,9219.72,1.06534,0.58241,0.00279,0.8947,0.88282,0.94807,0.76977,0.85906,0.46285,0.00458,0.020892,0.006964,0.020892,0.006964,0.020892,0.006964,0.020892,0.006964
94,9316.66,1.05771,0.57959,0.00281,0.91389,0.87035,0.9491,0.77913,0.85526,0.46045,0.00455,0.020793,0.006931,0.020793,0.006931,0.020793,0.006931,0.020793,0.006931
95,9413.16,1.05413,0.58219,0.00277,0.91518,0.85798,0.94651,0.77806,0.85604,0.46001,0.00456,0.020694,0.006898,0.020694,0.006898,0.020694,0.006898,0.020694,0.006898
96,9516.45,1.05576,0.57964,0.00274,0.91653,0.85918,0.94642,0.77612,0.85352,0.45624,0.00455,0.020595,0.006865,0.020595,0.006865,0.020595,0.006865,0.020595,0.006865
97,9614.57,1.04858,0.57192,0.00278,0.91989,0.86772,0.94757,0.77935,0.84864,0.45033,0.0045,0.020496,0.006832,0.020496,0.006832,0.020496,0.006832,0.020496,0.006832
98,9712.83,1.05344,0.57864,0.0028,0.9069,0.88293,0.95185,0.78178,0.84434,0.4474,0.00449,0.020397,0.006799,0.020397,0.006799,0.020397,0.006799,0.020397,0.006799
99,9810.98,1.05076,0.5769,0.00277,0.93261,0.85754,0.95037,0.78075,0.84605,0.44975,0.00452,0.020298,0.006766,0.020298,0.006766,0.020298,0.006766,0.020298,0.006766
100,9912.57,1.04672,0.56864,0.00276,0.90225,0.87726,0.94684,0.7784,0.84556,0.45623,0.00449,0.020199,0.006733,0.020199,0.006733,0.020199,0.006733,0.020199,0.006733
101,10011,1.04704,0.57249,0.00277,0.91428,0.88607,0.95021,0.7834,0.84861,0.44493,0.00449,0.0201,0.0067,0.0201,0.0067,0.0201,0.0067,0.0201,0.0067
102,10109.4,1.0458,0.56943,0.00278,0.91166,0.87535,0.94578,0.78124,0.84756,0.44953,0.00451,0.020001,0.006667,0.020001,0.006667,0.020001,0.006667,0.020001,0.006667
103,10209,1.04639,0.56984,0.00271,0.90612,0.87629,0.94666,0.78287,0.84612,0.45249,0.00448,0.019902,0.006634,0.019902,0.006634,0.019902,0.006634,0.019902,0.006634
104,10308.6,1.03287,0.56215,0.00273,0.90374,0.88026,0.94503,0.77984,0.84465,0.44777,0.00446,0.019803,0.006601,0.019803,0.006601,0.019803,0.006601,0.019803,0.006601
105,10406.1,1.04876,0.56816,0.00275,0.89716,0.88607,0.94472,0.78192,0.83934,0.44967,0.00442,0.019704,0.006568,0.019704,0.006568,0.019704,0.006568,0.019704,0.006568
106,10506.8,1.04392,0.56526,0.00271,0.92956,0.85422,0.94127,0.77991,0.83411,0.44938,0.00441,0.019605,0.006535,0.019605,0.006535,0.019605,0.006535,0.019605,0.006535
107,10604.1,1.0413,0.56391,0.0027,0.89991,0.88229,0.93956,0.77806,0.83065,0.44808,0.00439,0.019506,0.006502,0.019506,0.006502,0.019506,0.006502,0.019506,0.006502
108,10702.8,1.02257,0.5576,0.00274,0.91986,0.87237,0.94258,0.77694,0.83397,0.44025,0.00442,0.019407,0.006469,0.019407,0.006469,0.019407,0.006469,0.019407,0.006469
109,10802.4,1.03649,0.56426,0.0027,0.91716,0.88067,0.9475,0.77945,0.8308,0.44158,0.00441,0.019308,0.006436,0.019308,0.006436,0.019308,0.006436,0.019308,0.006436
110,10899.8,1.03508,0.5581,0.00271,0.93387,0.86842,0.94839,0.78152,0.83248,0.44038,0.00443,0.019209,0.006403,0.019209,0.006403,0.019209,0.006403,0.019209,0.006403
111,10998.3,1.03276,0.56279,0.00272,0.90509,0.8872,0.94784,0.78177,0.83399,0.44041,0.00443,0.01911,0.00637,0.01911,0.00637,0.01911,0.00637,0.01911,0.00637
112,11096.1,1.02587,0.54904,0.00271,0.91142,0.88635,0.94934,0.7822,0.83133,0.44199,0.00443,0.019011,0.006337,0.019011,0.006337,0.019011,0.006337,0.019011,0.006337
113,11195.7,1.02674,0.55337,0.00268,0.91443,0.88687,0.94934,0.7856,0.8277,0.44068,0.0044,0.018912,0.006304,0.018912,0.006304,0.018912,0.006304,0.018912,0.006304
114,11295.6,1.02424,0.55129,0.00268,0.9318,0.87304,0.94933,0.78727,0.82506,0.44158,0.0044,0.018813,0.006271,0.018813,0.006271,0.018813,0.006271,0.018813,0.006271
115,11393.5,1.02698,0.55372,0.00266,0.92316,0.87914,0.95028,0.78857,0.82595,0.43838,0.00439,0.018714,0.006238,0.018714,0.006238,0.018714,0.006238,0.018714,0.006238
116,11492.2,1.01917,0.54944,0.00267,0.92863,0.87781,0.94857,0.7889,0.82423,0.44143,0.00437,0.018615,0.006205,0.018615,0.006205,0.018615,0.006205,0.018615,0.006205
117,11589.8,1.0242,0.55064,0.00268,0.93558,0.87285,0.94873,0.7883,0.82213,0.44288,0.00436,0.018516,0.006172,0.018516,0.006172,0.018516,0.006172,0.018516,0.006172
118,11690.3,1.02698,0.55225,0.00264,0.9337,0.87578,0.9493,0.78999,0.8224,0.43527,0.00435,0.018417,0.006139,0.018417,0.006139,0.018417,0.006139,0.018417,0.006139
119,11788.8,1.01472,0.54581,0.00267,0.92962,0.87877,0.94986,0.78948,0.81997,0.43799,0.00433,0.018318,0.006106,0.018318,0.006106,0.018318,0.006106,0.018318,0.006106
120,11889.2,1.01082,0.54396,0.00266,0.92857,0.8712,0.9513,0.78957,0.8212,0.43592,0.00432,0.018219,0.006073,0.018219,0.006073,0.018219,0.006073,0.018219,0.006073
121,11987.2,1.01064,0.54545,0.00263,0.93229,0.87408,0.94937,0.78938,0.81945,0.43969,0.00432,0.01812,0.00604,0.01812,0.00604,0.01812,0.00604,0.01812,0.00604
122,12084.5,1.02704,0.54816,0.00266,0.93629,0.88167,0.95107,0.7909,0.81735,0.4351,0.00432,0.018021,0.006007,0.018021,0.006007,0.018021,0.006007,0.018021,0.006007
123,12186.2,1.01079,0.5367,0.00264,0.93502,0.87789,0.95105,0.79296,0.81722,0.4333,0.00432,0.017922,0.005974,0.017922,0.005974,0.017922,0.005974,0.017922,0.005974
124,12283.9,1.00871,0.53325,0.00263,0.92198,0.88415,0.95018,0.79337,0.81382,0.43557,0.00431,0.017823,0.005941,0.017823,0.005941,0.017823,0.005941,0.017823,0.005941
125,12381.6,1.0059,0.53451,0.00263,0.93038,0.87989,0.95152,0.79472,0.81263,0.43292,0.0043,0.017724,0.005908,0.017724,0.005908,0.017724,0.005908,0.017724,0.005908
126,12485,1.0059,0.53854,0.00264,0.92523,0.88759,0.95112,0.79354,0.81211,0.43035,0.0043,0.017625,0.005875,0.017625,0.005875,0.017625,0.005875,0.017625,0.005875
127,12584.1,1.01084,0.5353,0.00262,0.92583,0.88184,0.94991,0.79376,0.81159,0.42972,0.0043,0.017526,0.005842,0.017526,0.005842,0.017526,0.005842,0.017526,0.005842
128,12680.9,1.00026,0.53018,0.0026,0.92841,0.87794,0.94998,0.79342,0.81259,0.42582,0.0043,0.017427,0.005809,0.017427,0.005809,0.017427,0.005809,0.017427,0.005809
129,12777.5,1.00436,0.5348,0.0026,0.93072,0.87693,0.94887,0.79332,0.81074,0.42268,0.0043,0.017328,0.005776,0.017328,0.005776,0.017328,0.005776,0.017328,0.005776
130,12876.1,0.99854,0.53566,0.00262,0.93433,0.86889,0.94952,0.79498,0.80889,0.42335,0.00429,0.017229,0.005743,0.017229,0.005743,0.017229,0.005743,0.017229,0.005743
131,12974,1.00285,0.53247,0.0026,0.92595,0.87632,0.94702,0.79284,0.80888,0.42458,0.00429,0.01713,0.00571,0.01713,0.00571,0.01713,0.00571,0.01713,0.00571
132,13070.8,0.99755,0.5311,0.00258,0.91409,0.88911,0.94715,0.7918,0.81027,0.42305,0.00429,0.017031,0.005677,0.017031,0.005677,0.017031,0.005677,0.017031,0.005677
133,13171.3,0.99306,0.53506,0.0026,0.91943,0.88264,0.94689,0.7932,0.80986,0.42229,0.0043,0.016932,0.005644,0.016932,0.005644,0.016932,0.005644,0.016932,0.005644
134,13269.9,0.99522,0.52569,0.00258,0.90458,0.88713,0.94606,0.79164,0.80838,0.42559,0.00429,0.016833,0.005611,0.016833,0.005611,0.016833,0.005611,0.016833,0.005611
135,13366.9,0.99552,0.53018,0.00257,0.90285,0.88968,0.94654,0.79172,0.80818,0.4225,0.00428,0.016734,0.005578,0.016734,0.005578,0.016734,0.005578,0.016734,0.005578
136,13465.3,0.98572,0.522,0.00257,0.90965,0.88689,0.94564,0.79137,0.80614,0.42565,0.00428,0.016635,0.005545,0.016635,0.005545,0.016635,0.005545,0.016635,0.005545
137,13563.1,0.98643,0.52422,0.00255,0.92516,0.87717,0.9468,0.79285,0.80287,0.42569,0.00427,0.016536,0.005512,0.016536,0.005512,0.016536,0.005512,0.016536,0.005512
138,13665.1,0.98876,0.5218,0.00254,0.92717,0.88134,0.9471,0.79267,0.8024,0.42694,0.00425,0.016437,0.005479,0.016437,0.005479,0.016437,0.005479,0.016437,0.005479
139,13761.2,0.98601,0.52091,0.00251,0.93953,0.86662,0.94691,0.79446,0.8026,0.42366,0.00425,0.016338,0.005446,0.016338,0.005446,0.016338,0.005446,0.016338,0.005446
140,13860,0.98798,0.52906,0.00252,0.93401,0.87079,0.94652,0.79314,0.80053,0.42693,0.00423,0.016239,0.005413,0.016239,0.005413,0.016239,0.005413,0.016239,0.005413
141,13961,0.98311,0.52128,0.00254,0.92375,0.88231,0.94777,0.79615,0.79991,0.42576,0.00422,0.01614,0.00538,0.01614,0.00538,0.01614,0.00538,0.01614,0.00538
142,14062,0.98359,0.51919,0.00254,0.92112,0.8841,0.94738,0.79612,0.79842,0.42523,0.00422,0.016041,0.005347,0.016041,0.005347,0.016041,0.005347,0.016041,0.005347
143,14160.5,0.97382,0.51747,0.00252,0.9412,0.87017,0.94704,0.79628,0.79796,0.4262,0.00422,0.015942,0.005314,0.015942,0.005314,0.015942,0.005314,0.015942,0.005314
144,14258.1,0.97642,0.51466,0.00251,0.9337,0.86801,0.94688,0.796,0.79787,0.42614,0.00423,0.015843,0.005281,0.015843,0.005281,0.015843,0.005281,0.015843,0.005281
145,14356,0.98376,0.51395,0.00249,0.91508,0.87996,0.94721,0.79672,0.79766,0.42569,0.00422,0.015744,0.005248,0.015744,0.005248,0.015744,0.005248,0.015744,0.005248
146,14455.5,0.98146,0.51467,0.00253,0.9157,0.88569,0.94786,0.79747,0.79714,0.4249,0.00421,0.015645,0.005215,0.015645,0.005215,0.015645,0.005215,0.015645,0.005215
147,14553.5,0.97588,0.51736,0.0025,0.91251,0.88578,0.94668,0.79675,0.7963,0.42552,0.0042,0.015546,0.005182,0.015546,0.005182,0.015546,0.005182,0.015546,0.005182
148,14652.7,0.96975,0.50797,0.00249,0.91551,0.88801,0.94778,0.79694,0.79576,0.42524,0.00419,0.015447,0.005149,0.015447,0.005149,0.015447,0.005149,0.015447,0.005149
149,14752.6,0.96941,0.51398,0.0025,0.91827,0.8868,0.9482,0.79835,0.79564,0.42325,0.00419,0.015348,0.005116,0.015348,0.005116,0.015348,0.005116,0.015348,0.005116
150,14850.6,0.96816,0.50537,0.00251,0.9278,0.87559,0.94843,0.79808,0.7965,0.41954,0.00419,0.015249,0.005083,0.015249,0.005083,0.015249,0.005083,0.015249,0.005083
151,14952.3,0.97183,0.50773,0.00249,0.91227,0.88639,0.94958,0.7986,0.79547,0.41897,0.00419,0.01515,0.00505,0.01515,0.00505,0.01515,0.00505,0.01515,0.00505
152,15049.9,0.96466,0.50646,0.0025,0.91852,0.87757,0.95049,0.79938,0.79479,0.41813,0.0042,0.015051,0.005017,0.015051,0.005017,0.015051,0.005017,0.015051,0.005017
153,15148.7,0.96469,0.5073,0.00246,0.9312,0.87283,0.95059,0.80143,0.79312,0.42029,0.00419,0.014952,0.004984,0.014952,0.004984,0.014952,0.004984,0.014952,0.004984
154,15245.9,0.96761,0.50643,0.00248,0.93663,0.86875,0.95058,0.80193,0.793,0.41966,0.00418,0.014853,0.004951,0.014853,0.004951,0.014853,0.004951,0.014853,0.004951
155,15343.8,0.96859,0.50437,0.00248,0.94439,0.8704,0.95097,0.8007,0.79408,0.41663,0.00418,0.014754,0.004918,0.014754,0.004918,0.014754,0.004918,0.014754,0.004918
156,15441.6,0.96003,0.5066,0.00245,0.94212,0.87019,0.95137,0.80242,0.79333,0.41662,0.00418,0.014655,0.004885,0.014655,0.004885,0.014655,0.004885,0.014655,0.004885
157,15538.6,0.96239,0.5076,0.00244,0.93921,0.87802,0.94788,0.80034,0.79335,0.4172,0.00418,0.014556,0.004852,0.014556,0.004852,0.014556,0.004852,0.014556,0.004852
158,15638.7,0.95817,0.50304,0.00247,0.92256,0.88313,0.94785,0.79984,0.79329,0.417,0.00418,0.014457,0.004819,0.014457,0.004819,0.014457,0.004819,0.014457,0.004819
159,15736.6,0.95358,0.50127,0.00243,0.92222,0.88199,0.94769,0.79985,0.79248,0.41658,0.00417,0.014358,0.004786,0.014358,0.004786,0.014358,0.004786,0.014358,0.004786
160,15832.6,0.95158,0.49732,0.00244,0.93346,0.86939,0.94728,0.79841,0.79202,0.41826,0.00417,0.014259,0.004753,0.014259,0.004753,0.014259,0.004753,0.014259,0.004753
161,15933.2,0.95519,0.50208,0.00247,0.92983,0.87871,0.94703,0.79801,0.79204,0.41723,0.00417,0.01416,0.00472,0.01416,0.00472,0.01416,0.00472,0.01416,0.00472
162,16029.5,0.94961,0.49095,0.0024,0.93431,0.86958,0.94773,0.79932,0.79373,0.41496,0.00417,0.014061,0.004687,0.014061,0.004687,0.014061,0.004687,0.014061,0.004687
163,16128,0.95358,0.49921,0.00243,0.93488,0.87801,0.94826,0.79977,0.79146,0.4169,0.00416,0.013962,0.004654,0.013962,0.004654,0.013962,0.004654,0.013962,0.004654
164,16225,0.95073,0.49413,0.00245,0.93784,0.87799,0.94827,0.79926,0.79161,0.41427,0.00416,0.013863,0.004621,0.013863,0.004621,0.013863,0.004621,0.013863,0.004621
165,16323.4,0.94221,0.48797,0.00242,0.93822,0.87787,0.94852,0.80031,0.79063,0.4136,0.00416,0.013764,0.004588,0.013764,0.004588,0.013764,0.004588,0.013764,0.004588
166,16420.3,0.94575,0.49298,0.0024,0.93323,0.87962,0.94767,0.79987,0.79076,0.41276,0.00415,0.013665,0.004555,0.013665,0.004555,0.013665,0.004555,0.013665,0.004555
167,16518.9,0.94212,0.48783,0.00241,0.93841,0.87633,0.94805,0.80047,0.78979,0.41244,0.00415,0.013566,0.004522,0.013566,0.004522,0.013566,0.004522,0.013566,0.004522
168,16616.7,0.94848,0.49309,0.00242,0.93565,0.87492,0.94798,0.80041,0.79022,0.41134,0.00416,0.013467,0.004489,0.013467,0.004489,0.013467,0.004489,0.013467,0.004489
169,16714.7,0.9355,0.48712,0.00237,0.9324,0.88193,0.94793,0.80008,0.78961,0.41254,0.00415,0.013368,0.004456,0.013368,0.004456,0.013368,0.004456,0.013368,0.004456
170,16811.7,0.94346,0.48528,0.0024,0.93441,0.88352,0.94822,0.79995,0.78985,0.41125,0.00415,0.013269,0.004423,0.013269,0.004423,0.013269,0.004423,0.013269,0.004423
171,16909.7,0.94529,0.49366,0.00241,0.93732,0.8792,0.94769,0.79978,0.78978,0.41003,0.00415,0.01317,0.00439,0.01317,0.00439,0.01317,0.00439,0.01317,0.00439
172,17006.9,0.93539,0.48467,0.00239,0.93043,0.88381,0.94801,0.80037,0.78808,0.41172,0.00414,0.013071,0.004357,0.013071,0.004357,0.013071,0.004357,0.013071,0.004357
173,17104.7,0.94006,0.48555,0.00237,0.9358,0.88265,0.94793,0.80019,0.78809,0.41222,0.00414,0.012972,0.004324,0.012972,0.004324,0.012972,0.004324,0.012972,0.004324
174,17202.5,0.94359,0.48765,0.00238,0.93015,0.88227,0.94789,0.79955,0.78814,0.41035,0.00414,0.012873,0.004291,0.012873,0.004291,0.012873,0.004291,0.012873,0.004291
175,17304,0.93191,0.48437,0.00239,0.9389,0.88066,0.94744,0.79883,0.7867,0.41295,0.00413,0.012774,0.004258,0.012774,0.004258,0.012774,0.004258,0.012774,0.004258
176,17400.4,0.92914,0.4834,0.00236,0.93986,0.88052,0.94763,0.79903,0.78697,0.4122,0.00413,0.012675,0.004225,0.012675,0.004225,0.012675,0.004225,0.012675,0.004225
177,17500.4,0.92763,0.48233,0.00235,0.9345,0.88356,0.94797,0.80075,0.78792,0.41007,0.00414,0.012576,0.004192,0.012576,0.004192,0.012576,0.004192,0.012576,0.004192
178,17600.2,0.92854,0.47939,0.00235,0.93592,0.88165,0.94743,0.80008,0.78835,0.40988,0.00414,0.012477,0.004159,0.012477,0.004159,0.012477,0.004159,0.012477,0.004159
179,17698.5,0.92942,0.47981,0.00236,0.93907,0.87858,0.94765,0.79972,0.78742,0.4113,0.00413,0.012378,0.004126,0.012378,0.004126,0.012378,0.004126,0.012378,0.004126
180,17799.6,0.92107,0.47498,0.00235,0.93789,0.87846,0.94653,0.79934,0.78638,0.41136,0.00413,0.012279,0.004093,0.012279,0.004093,0.012279,0.004093,0.012279,0.004093
181,17898.4,0.9198,0.47662,0.00232,0.92807,0.88233,0.94691,0.79968,0.78663,0.41042,0.00413,0.01218,0.00406,0.01218,0.00406,0.01218,0.00406,0.01218,0.00406
182,17996.7,0.91668,0.47197,0.0023,0.9423,0.87596,0.94719,0.79957,0.78679,0.40992,0.00413,0.012081,0.004027,0.012081,0.004027,0.012081,0.004027,0.012081,0.004027
183,18095.6,0.919,0.47689,0.00234,0.93746,0.87975,0.9466,0.79927,0.78594,0.40965,0.00413,0.011982,0.003994,0.011982,0.003994,0.011982,0.003994,0.011982,0.003994
184,18193.2,0.91385,0.47684,0.00233,0.93391,0.88081,0.94716,0.79963,0.78581,0.41022,0.00413,0.011883,0.003961,0.011883,0.003961,0.011883,0.003961,0.011883,0.003961
185,18294.6,0.92673,0.48593,0.00236,0.93532,0.88193,0.94746,0.80082,0.78602,0.40888,0.00413,0.011784,0.003928,0.011784,0.003928,0.011784,0.003928,0.011784,0.003928
186,18391.4,0.92565,0.47984,0.00233,0.92833,0.88497,0.9471,0.80122,0.78688,0.40778,0.00413,0.011685,0.003895,0.011685,0.003895,0.011685,0.003895,0.011685,0.003895
187,18489.1,0.92218,0.47695,0.00232,0.9269,0.88489,0.94738,0.80161,0.78619,0.40797,0.00413,0.011586,0.003862,0.011586,0.003862,0.011586,0.003862,0.011586,0.003862
188,18592.4,0.90576,0.46494,0.0023,0.93115,0.88197,0.94738,0.80219,0.78559,0.40892,0.00412,0.011487,0.003829,0.011487,0.003829,0.011487,0.003829,0.011487,0.003829
189,18689.2,0.91753,0.47096,0.00228,0.92868,0.88367,0.94747,0.80262,0.78528,0.40896,0.00412,0.011388,0.003796,0.011388,0.003796,0.011388,0.003796,0.011388,0.003796
190,18786.5,0.909,0.46681,0.00229,0.92051,0.8895,0.94771,0.80306,0.78498,0.40777,0.00412,0.011289,0.003763,0.011289,0.003763,0.011289,0.003763,0.011289,0.003763
191,18884,0.91167,0.47316,0.0023,0.9271,0.88465,0.94754,0.80274,0.7854,0.40763,0.00412,0.01119,0.00373,0.01119,0.00373,0.01119,0.00373,0.01119,0.00373
192,18982,0.91479,0.46914,0.00228,0.92209,0.88842,0.94756,0.80309,0.7849,0.40881,0.00411,0.011091,0.003697,0.011091,0.003697,0.011091,0.003697,0.011091,0.003697
193,19078.6,0.91125,0.46966,0.00227,0.92157,0.88698,0.94723,0.80323,0.78466,0.40819,0.00411,0.010992,0.003664,0.010992,0.003664,0.010992,0.003664,0.010992,0.003664
194,19176.5,0.90963,0.47089,0.00226,0.9315,0.88219,0.94751,0.80307,0.78386,0.40874,0.00411,0.010893,0.003631,0.010893,0.003631,0.010893,0.003631,0.010893,0.003631
195,19278.2,0.90652,0.47251,0.00228,0.93726,0.87631,0.94738,0.80324,0.78403,0.40802,0.00411,0.010794,0.003598,0.010794,0.003598,0.010794,0.003598,0.010794,0.003598
196,19377.2,0.90417,0.46878,0.00225,0.93276,0.8824,0.94826,0.80299,0.78414,0.40704,0.00411,0.010695,0.003565,0.010695,0.003565,0.010695,0.003565,0.010695,0.003565
197,19473.9,0.90144,0.4605,0.00226,0.93611,0.88373,0.94861,0.80374,0.78369,0.40689,0.00411,0.010596,0.003532,0.010596,0.003532,0.010596,0.003532,0.010596,0.003532
198,19573.3,0.90239,0.46305,0.00225,0.93706,0.88161,0.94864,0.80355,0.78249,0.40839,0.0041,0.010497,0.003499,0.010497,0.003499,0.010497,0.003499,0.010497,0.003499
199,19671,0.90321,0.46102,0.00226,0.93485,0.88191,0.94841,0.80348,0.78269,0.40685,0.0041,0.010398,0.003466,0.010398,0.003466,0.010398,0.003466,0.010398,0.003466
200,19769.7,0.90167,0.46044,0.00226,0.93404,0.88108,0.94839,0.80298,0.78275,0.40757,0.0041,0.010299,0.003433,0.010299,0.003433,0.010299,0.003433,0.010299,0.003433
201,19866.5,0.89669,0.45953,0.00223,0.933,0.88095,0.94831,0.8036,0.78296,0.40757,0.0041,0.0102,0.0034,0.0102,0.0034,0.0102,0.0034,0.0102,0.0034
202,19964,0.88783,0.45633,0.00223,0.9218,0.88993,0.9487,0.80395,0.7833,0.4054,0.0041,0.010101,0.003367,0.010101,0.003367,0.010101,0.003367,0.010101,0.003367
203,20061.7,0.88337,0.45075,0.00223,0.92313,0.88957,0.94852,0.80366,0.78326,0.40492,0.0041,0.010002,0.003334,0.010002,0.003334,0.010002,0.003334,0.010002,0.003334
204,20159.6,0.89061,0.4591,0.00222,0.92578,0.894,0.95498,0.80384,0.78328,0.40533,0.0041,0.009903,0.003301,0.009903,0.003301,0.009903,0.003301,0.009903,0.003301
205,20256.2,0.88964,0.4556,0.00221,0.91913,0.8967,0.95546,0.80321,0.78328,0.40412,0.0041,0.009804,0.003268,0.009804,0.003268,0.009804,0.003268,0.009804,0.003268
206,20356,0.88886,0.45481,0.00222,0.9385,0.88419,0.95606,0.80384,0.78328,0.40307,0.0041,0.009705,0.003235,0.009705,0.003235,0.009705,0.003235,0.009705,0.003235
207,20451.7,0.88487,0.45524,0.00222,0.93017,0.89333,0.95586,0.80481,0.78273,0.40321,0.0041,0.009606,0.003202,0.009606,0.003202,0.009606,0.003202,0.009606,0.003202
208,20550.8,0.88519,0.45701,0.00222,0.93021,0.89389,0.95657,0.80641,0.78261,0.4034,0.0041,0.009507,0.003169,0.009507,0.003169,0.009507,0.003169,0.009507,0.003169
209,20646.7,0.8908,0.45614,0.0022,0.92851,0.89327,0.95562,0.80678,0.7825,0.40261,0.0041,0.009408,0.003136,0.009408,0.003136,0.009408,0.003136,0.009408,0.003136
210,20743,0.87482,0.44907,0.0022,0.92602,0.89384,0.95644,0.8065,0.78185,0.40414,0.00409,0.009309,0.003103,0.009309,0.003103,0.009309,0.003103,0.009309,0.003103
211,20843,0.88394,0.4507,0.00222,0.9231,0.8937,0.95708,0.80757,0.78165,0.40382,0.00409,0.00921,0.00307,0.00921,0.00307,0.00921,0.00307,0.00921,0.00307
212,20939.7,0.88078,0.44784,0.0022,0.91946,0.89541,0.95714,0.80801,0.78179,0.40422,0.00409,0.009111,0.003037,0.009111,0.003037,0.009111,0.003037,0.009111,0.003037
213,21036.5,0.87683,0.45312,0.00219,0.92041,0.89653,0.95699,0.80812,0.78156,0.40407,0.00409,0.009012,0.003004,0.009012,0.003004,0.009012,0.003004,0.009012,0.003004
214,21133.4,0.88256,0.45368,0.0022,0.91942,0.89573,0.95654,0.80802,0.78087,0.40553,0.00409,0.008913,0.002971,0.008913,0.002971,0.008913,0.002971,0.008913,0.002971
215,21230.3,0.8761,0.45196,0.00217,0.92194,0.89688,0.95614,0.80774,0.78139,0.40512,0.00409,0.008814,0.002938,0.008814,0.002938,0.008814,0.002938,0.008814,0.002938
216,21332.6,0.8783,0.45219,0.00219,0.92119,0.89643,0.95582,0.80779,0.78084,0.40705,0.00409,0.008715,0.002905,0.008715,0.002905,0.008715,0.002905,0.008715,0.002905
217,21430.8,0.87135,0.45162,0.00217,0.92103,0.89693,0.95585,0.80787,0.78147,0.40574,0.00409,0.008616,0.002872,0.008616,0.002872,0.008616,0.002872,0.008616,0.002872
218,21526.5,0.87354,0.44172,0.00216,0.91845,0.89611,0.95584,0.8077,0.7818,0.40631,0.00409,0.008517,0.002839,0.008517,0.002839,0.008517,0.002839,0.008517,0.002839
219,21624.7,0.86888,0.44374,0.00216,0.91881,0.8962,0.95576,0.80757,0.78127,0.40678,0.00409,0.008418,0.002806,0.008418,0.002806,0.008418,0.002806,0.008418,0.002806
220,21722,0.8657,0.44083,0.00214,0.92125,0.89522,0.95548,0.8075,0.78118,0.40716,0.00409,0.008319,0.002773,0.008319,0.002773,0.008319,0.002773,0.008319,0.002773
221,21820.4,0.86786,0.44421,0.00215,0.93336,0.88306,0.95573,0.80767,0.78132,0.40644,0.00409,0.00822,0.00274,0.00822,0.00274,0.00822,0.00274,0.00822,0.00274
222,21917.3,0.86302,0.44239,0.00214,0.9589,0.86246,0.95549,0.80781,0.78086,0.40723,0.00408,0.008121,0.002707,0.008121,0.002707,0.008121,0.002707,0.008121,0.002707
223,22018.6,0.87081,0.44436,0.00213,0.93814,0.88291,0.95567,0.80769,0.78159,0.40553,0.00409,0.008022,0.002674,0.008022,0.002674,0.008022,0.002674,0.008022,0.002674
224,22115.7,0.8738,0.44927,0.00215,0.93365,0.88952,0.95599,0.80809,0.78197,0.40598,0.00409,0.007923,0.002641,0.007923,0.002641,0.007923,0.002641,0.007923,0.002641
225,22212.7,0.86805,0.44207,0.00216,0.93625,0.88805,0.95604,0.80795,0.78161,0.40552,0.00409,0.007824,0.002608,0.007824,0.002608,0.007824,0.002608,0.007824,0.002608
226,22309.4,0.85734,0.43925,0.00214,0.93353,0.89536,0.95648,0.80788,0.78158,0.40463,0.00409,0.007725,0.002575,0.007725,0.002575,0.007725,0.002575,0.007725,0.002575
227,22411.8,0.86041,0.44447,0.00214,0.93428,0.89221,0.95646,0.80718,0.7815,0.40458,0.00409,0.007626,0.002542,0.007626,0.002542,0.007626,0.002542,0.007626,0.002542
228,22508.9,0.86316,0.44551,0.00213,0.93413,0.89528,0.95678,0.80821,0.78095,0.40525,0.00408,0.007527,0.002509,0.007527,0.002509,0.007527,0.002509,0.007527,0.002509
229,22606.2,0.86104,0.43568,0.00213,0.94776,0.88741,0.95699,0.80781,0.78043,0.40592,0.00408,0.007428,0.002476,0.007428,0.002476,0.007428,0.002476,0.007428,0.002476
230,22702.6,0.85742,0.4377,0.00211,0.94527,0.88835,0.95741,0.80791,0.78081,0.40497,0.00408,0.007329,0.002443,0.007329,0.002443,0.007329,0.002443,0.007329,0.002443
231,22799.8,0.85747,0.43361,0.00211,0.94885,0.88798,0.95757,0.80782,0.78054,0.40523,0.00408,0.00723,0.00241,0.00723,0.00241,0.00723,0.00241,0.00723,0.00241
232,22902.7,0.84148,0.42803,0.00209,0.93878,0.88984,0.95753,0.80801,0.78047,0.40551,0.00409,0.007131,0.002377,0.007131,0.002377,0.007131,0.002377,0.007131,0.002377
233,23000.5,0.84654,0.42704,0.00211,0.93805,0.89028,0.95734,0.8078,0.78025,0.40684,0.00408,0.007032,0.002344,0.007032,0.002344,0.007032,0.002344,0.007032,0.002344
234,23098,0.84525,0.43049,0.00207,0.93485,0.89676,0.95729,0.80743,0.7816,0.40586,0.00409,0.006933,0.002311,0.006933,0.002311,0.006933,0.002311,0.006933,0.002311
235,23194.4,0.85303,0.43441,0.00209,0.93863,0.89057,0.95714,0.80769,0.78141,0.40566,0.00409,0.006834,0.002278,0.006834,0.002278,0.006834,0.002278,0.006834,0.002278
236,23291,0.8398,0.42634,0.00207,0.94007,0.89402,0.95721,0.80745,0.78122,0.40609,0.00409,0.006735,0.002245,0.006735,0.002245,0.006735,0.002245,0.006735,0.002245
237,23392.5,0.8448,0.43166,0.00209,0.93567,0.89504,0.95705,0.8073,0.78152,0.40582,0.00409,0.006636,0.002212,0.006636,0.002212,0.006636,0.002212,0.006636,0.002212
238,23491.1,0.83835,0.42549,0.00209,0.93564,0.89668,0.95687,0.80771,0.78164,0.4055,0.00409,0.006537,0.002179,0.006537,0.002179,0.006537,0.002179,0.006537,0.002179
239,23586.7,0.84023,0.42312,0.00205,0.93636,0.89603,0.95727,0.80829,0.78184,0.40356,0.00409,0.006438,0.002146,0.006438,0.002146,0.006438,0.002146,0.006438,0.002146
240,23687.1,0.83882,0.42586,0.00207,0.93617,0.89454,0.95738,0.80837,0.78196,0.40313,0.00409,0.006339,0.002113,0.006339,0.002113,0.006339,0.002113,0.006339,0.002113
241,23786.9,0.84339,0.43161,0.00206,0.93685,0.89253,0.95743,0.80831,0.7814,0.40327,0.00409,0.00624,0.00208,0.00624,0.00208,0.00624,0.00208,0.00624,0.00208
242,23885.2,0.8362,0.42565,0.00208,0.93432,0.89663,0.95739,0.80867,0.78136,0.40282,0.00408,0.006141,0.002047,0.006141,0.002047,0.006141,0.002047,0.006141,0.002047
243,23980.5,0.83379,0.4272,0.00203,0.94435,0.89303,0.95755,0.80807,0.78202,0.40216,0.00409,0.006042,0.002014,0.006042,0.002014,0.006042,0.002014,0.006042,0.002014
244,24080.9,0.84111,0.42605,0.00204,0.94444,0.8934,0.95767,0.80845,0.7817,0.40189,0.00409,0.005943,0.001981,0.005943,0.001981,0.005943,0.001981,0.005943,0.001981
245,24178.9,0.83437,0.42227,0.00203,0.94231,0.89368,0.95762,0.80794,0.7821,0.40093,0.0041,0.005844,0.001948,0.005844,0.001948,0.005844,0.001948,0.005844,0.001948
246,24275,0.8277,0.41999,0.00203,0.94181,0.89433,0.95766,0.80829,0.78163,0.40172,0.0041,0.005745,0.001915,0.005745,0.001915,0.005745,0.001915,0.005745,0.001915
247,24371.8,0.84,0.42772,0.00203,0.94324,0.89299,0.95758,0.80826,0.78238,0.40046,0.0041,0.005646,0.001882,0.005646,0.001882,0.005646,0.001882,0.005646,0.001882
248,24469,0.83138,0.41989,0.00202,0.94567,0.89313,0.95731,0.80834,0.78227,0.40134,0.0041,0.005547,0.001849,0.005547,0.001849,0.005547,0.001849,0.005547,0.001849
249,24565.6,0.83397,0.4232,0.00203,0.94441,0.89484,0.95737,0.80976,0.78198,0.40077,0.0041,0.005448,0.001816,0.005448,0.001816,0.005448,0.001816,0.005448,0.001816
250,24662.1,0.82276,0.41552,0.00203,0.94318,0.89424,0.95757,0.80921,0.78273,0.40036,0.0041,0.005349,0.001783,0.005349,0.001783,0.005349,0.001783,0.005349,0.001783
251,24762.1,0.82384,0.41415,0.00202,0.93939,0.89315,0.95729,0.80835,0.78191,0.40172,0.0041,0.00525,0.00175,0.00525,0.00175,0.00525,0.00175,0.00525,0.00175
252,24859.5,0.829,0.41736,0.00202,0.93876,0.89438,0.95703,0.80908,0.78241,0.40101,0.0041,0.005151,0.001717,0.005151,0.001717,0.005151,0.001717,0.005151,0.001717
253,24955.5,0.83004,0.41894,0.00199,0.93873,0.89478,0.95705,0.80804,0.78274,0.40054,0.00411,0.005052,0.001684,0.005052,0.001684,0.005052,0.001684,0.005052,0.001684
254,25051.8,0.81955,0.41416,0.00199,0.9393,0.89499,0.95725,0.80991,0.78226,0.40188,0.0041,0.004953,0.001651,0.004953,0.001651,0.004953,0.001651,0.004953,0.001651
255,25151.4,0.81684,0.41218,0.00202,0.94114,0.89213,0.95769,0.80958,0.78236,0.40124,0.0041,0.004854,0.001618,0.004854,0.001618,0.004854,0.001618,0.004854,0.001618
256,25249,0.82165,0.41671,0.00201,0.94626,0.89638,0.9577,0.80994,0.78236,0.40022,0.0041,0.004755,0.001585,0.004755,0.001585,0.004755,0.001585,0.004755,0.001585
257,25346.2,0.82023,0.41151,0.00199,0.94556,0.89642,0.95769,0.81016,0.78288,0.3996,0.00411,0.004656,0.001552,0.004656,0.001552,0.004656,0.001552,0.004656,0.001552
258,25445.7,0.8171,0.41129,0.00199,0.94584,0.89539,0.95755,0.81002,0.78367,0.39799,0.00411,0.004557,0.001519,0.004557,0.001519,0.004557,0.001519,0.004557,0.001519
259,25542.5,0.81783,0.41068,0.00199,0.94385,0.89611,0.95764,0.81031,0.78333,0.39775,0.00411,0.004458,0.001486,0.004458,0.001486,0.004458,0.001486,0.004458,0.001486
260,25639.6,0.82324,0.41529,0.00197,0.94152,0.89593,0.95767,0.81059,0.78336,0.39761,0.00411,0.004359,0.001453,0.004359,0.001453,0.004359,0.001453,0.004359,0.001453
261,25736.9,0.81303,0.41315,0.00198,0.94161,0.89528,0.95777,0.81071,0.78399,0.39748,0.00411,0.00426,0.00142,0.00426,0.00142,0.00426,0.00142,0.00426,0.00142
262,25833.5,0.81201,0.41095,0.00197,0.94193,0.89496,0.95775,0.8109,0.78422,0.39782,0.00411,0.004161,0.001387,0.004161,0.001387,0.004161,0.001387,0.004161,0.001387
263,25934.6,0.81694,0.41351,0.00199,0.94069,0.89609,0.95778,0.81011,0.7839,0.39795,0.00411,0.004062,0.001354,0.004062,0.001354,0.004062,0.001354,0.004062,0.001354
264,26031.4,0.80876,0.4062,0.00195,0.93845,0.89693,0.95767,0.81084,0.78381,0.39896,0.00411,0.003963,0.001321,0.003963,0.001321,0.003963,0.001321,0.003963,0.001321
265,26128.3,0.8183,0.40993,0.00196,0.93787,0.89626,0.95768,0.81085,0.78364,0.3992,0.00411,0.003864,0.001288,0.003864,0.001288,0.003864,0.001288,0.003864,0.001288
266,26225.4,0.80937,0.40759,0.00195,0.93932,0.89425,0.95769,0.81144,0.78346,0.39898,0.00411,0.003765,0.001255,0.003765,0.001255,0.003765,0.001255,0.003765,0.001255
267,26322.4,0.81014,0.40663,0.00196,0.9364,0.8934,0.95771,0.8116,0.78322,0.39883,0.00411,0.003666,0.001222,0.003666,0.001222,0.003666,0.001222,0.003666,0.001222
268,26418.6,0.80332,0.40217,0.00194,0.95043,0.88151,0.95763,0.81152,0.7832,0.39881,0.00411,0.003567,0.001189,0.003567,0.001189,0.003567,0.001189,0.003567,0.001189
269,26515.9,0.8068,0.40357,0.00195,0.9382,0.89658,0.95769,0.8118,0.7823,0.40049,0.00411,0.003468,0.001156,0.003468,0.001156,0.003468,0.001156,0.003468,0.001156
270,26612.3,0.80562,0.40688,0.00194,0.95101,0.88158,0.95761,0.8121,0.78328,0.39929,0.00411,0.003369,0.001123,0.003369,0.001123,0.003369,0.001123,0.003369,0.001123
271,26711.3,0.80316,0.40243,0.00192,0.95451,0.87798,0.95767,0.81174,0.78305,0.39945,0.00412,0.00327,0.00109,0.00327,0.00109,0.00327,0.00109,0.00327,0.00109
272,26809.5,0.80741,0.40676,0.00193,0.93894,0.89688,0.95773,0.81077,0.7834,0.39846,0.00412,0.003171,0.001057,0.003171,0.001057,0.003171,0.001057,0.003171,0.001057
273,26906.3,0.79859,0.40363,0.00192,0.9597,0.87655,0.95758,0.81106,0.78309,0.39892,0.00412,0.003072,0.001024,0.003072,0.001024,0.003072,0.001024,0.003072,0.001024
274,27003.3,0.8002,0.39988,0.00192,0.95837,0.87537,0.95776,0.81137,0.78294,0.39926,0.00411,0.002973,0.000991,0.002973,0.000991,0.002973,0.000991,0.002973,0.000991
275,27100.4,0.79855,0.39766,0.00191,0.93316,0.8963,0.95775,0.81151,0.7823,0.40021,0.00411,0.002874,0.000958,0.002874,0.000958,0.002874,0.000958,0.002874,0.000958
276,27197.7,0.79965,0.39917,0.00192,0.93332,0.89681,0.95784,0.81234,0.78258,0.39963,0.00411,0.002775,0.000925,0.002775,0.000925,0.002775,0.000925,0.002775,0.000925
277,27296.3,0.79546,0.39691,0.00192,0.93518,0.89761,0.9578,0.81216,0.78272,0.39936,0.00411,0.002676,0.000892,0.002676,0.000892,0.002676,0.000892,0.002676,0.000892
278,27394.5,0.79124,0.3932,0.0019,0.93514,0.89552,0.95782,0.81178,0.78172,0.40099,0.00411,0.002577,0.000859,0.002577,0.000859,0.002577,0.000859,0.002577,0.000859
279,27493.8,0.79082,0.39786,0.00191,0.93473,0.89668,0.95786,0.81158,0.7815,0.40015,0.0041,0.002478,0.000826,0.002478,0.000826,0.002478,0.000826,0.002478,0.000826
280,27591.7,0.78943,0.39658,0.00188,0.93503,0.89752,0.95779,0.81156,0.78138,0.39984,0.0041,0.002379,0.000793,0.002379,0.000793,0.002379,0.000793,0.002379,0.000793
281,27687.7,0.78594,0.39497,0.00191,0.93487,0.89763,0.95782,0.81133,0.78111,0.40008,0.00411,0.00228,0.00076,0.00228,0.00076,0.00228,0.00076,0.00228,0.00076
282,27785,0.79168,0.3968,0.00189,0.93306,0.89873,0.95779,0.81031,0.78047,0.40021,0.0041,0.002181,0.000727,0.002181,0.000727,0.002181,0.000727,0.002181,0.000727
283,27886,0.787,0.39459,0.00191,0.96012,0.87799,0.95785,0.81045,0.78086,0.40044,0.00411,0.002082,0.000694,0.002082,0.000694,0.002082,0.000694,0.002082,0.000694
284,27983.2,0.78777,0.39933,0.00192,0.961,0.87772,0.95773,0.811,0.78059,0.40027,0.0041,0.001983,0.000661,0.001983,0.000661,0.001983,0.000661,0.001983,0.000661
285,28079.2,0.7876,0.39294,0.00189,0.95895,0.87861,0.95769,0.81044,0.78067,0.39984,0.00411,0.001884,0.000628,0.001884,0.000628,0.001884,0.000628,0.001884,0.000628
286,28175.7,0.77519,0.3847,0.00186,0.9575,0.87929,0.95769,0.81071,0.7801,0.40006,0.0041,0.001785,0.000595,0.001785,0.000595,0.001785,0.000595,0.001785,0.000595
287,28272.8,0.7802,0.39176,0.00188,0.9598,0.87819,0.95773,0.81043,0.77962,0.40015,0.0041,0.001686,0.000562,0.001686,0.000562,0.001686,0.000562,0.001686,0.000562
288,28370.3,0.78238,0.39003,0.00189,0.9587,0.87881,0.95777,0.81024,0.77952,0.39953,0.0041,0.001587,0.000529,0.001587,0.000529,0.001587,0.000529,0.001587,0.000529
289,28467.4,0.77732,0.38855,0.00188,0.94993,0.88512,0.95784,0.81054,0.77928,0.39762,0.0041,0.001488,0.000496,0.001488,0.000496,0.001488,0.000496,0.001488,0.000496
290,28565,0.78425,0.39218,0.00186,0.95494,0.88351,0.95793,0.81182,0.77884,0.39725,0.0041,0.001389,0.000463,0.001389,0.000463,0.001389,0.000463,0.001389,0.000463
291,28663.1,0.74177,0.33848,0.00192,0.94655,0.89017,0.9577,0.81181,0.77842,0.39828,0.0041,0.00129,0.00043,0.00129,0.00043,0.00129,0.00043,0.00129,0.00043
292,28756.5,0.71329,0.33202,0.00182,0.94505,0.88979,0.95769,0.81168,0.77829,0.39761,0.00409,0.001191,0.000397,0.001191,0.000397,0.001191,0.000397,0.001191,0.000397
293,28852.4,0.69552,0.32528,0.00179,0.94439,0.89095,0.95766,0.81095,0.77842,0.39789,0.00409,0.001092,0.000364,0.001092,0.000364,0.001092,0.000364,0.001092,0.000364
294,28946.9,0.69429,0.31669,0.00176,0.94435,0.89106,0.95765,0.81055,0.77958,0.39671,0.0041,0.000993,0.000331,0.000993,0.000331,0.000993,0.000331,0.000993,0.000331
295,29040.1,0.69189,0.3198,0.00176,0.94397,0.89283,0.95743,0.81056,0.78013,0.3964,0.0041,0.000894,0.000298,0.000894,0.000298,0.000894,0.000298,0.000894,0.000298
296,29132.5,0.69004,0.31845,0.00175,0.94703,0.88757,0.95707,0.8107,0.77935,0.3968,0.00409,0.000795,0.000265,0.000795,0.000265,0.000795,0.000265,0.000795,0.000265
297,29226.8,0.68582,0.31568,0.00174,0.94232,0.89295,0.95725,0.81142,0.7788,0.39765,0.00409,0.000696,0.000232,0.000696,0.000232,0.000696,0.000232,0.000696,0.000232
298,29319.8,0.68517,0.31389,0.00174,0.94288,0.89222,0.95714,0.81128,0.77862,0.39772,0.00409,0.000597,0.000199,0.000597,0.000199,0.000597,0.000199,0.000597,0.000199
299,29413.6,0.67948,0.31196,0.00171,0.93964,0.89607,0.95739,0.81167,0.77871,0.39666,0.00409,0.000498,0.000166,0.000498,0.000166,0.000498,0.000166,0.000498,0.000166
300,29508.3,0.68072,0.3161,0.00172,0.94242,0.8928,0.95718,0.8119,0.77882,0.39552,0.00409,0.000399,0.000133,0.000399,0.000133,0.000399,0.000133,0.000399,0.000133
